index,likes,downloads,datasets :: ARC,datasets :: Average,datasets :: GSM8K,datasets :: HellaSwag,datasets :: MMLU,datasets :: TruthfulQA,datasets :: Unnamed: 0,datasets :: Winogrande,version number,UGI-Leaderboard :: Internet,UGI-Leaderboard :: UGI 🏆,UGI-Leaderboard :: Unruly,UGI-Leaderboard :: W/10 👍,created_at_numeric,pipeline tag_question-answering,pipeline tag_text-classification,pipeline tag_text-generation,pipeline tag_nan,architectural type_codegen,architectural type_deepseek_v2,architectural type_gemma,architectural type_gpt2,architectural type_gpt_bigcode,architectural type_llama,architectural type_mistral,architectural type_mixtral,architectural type_qwen2,architectural type_stablelm,architectural type_nan,real architecture_CodeGenForCausalLM,real architecture_DeepseekV2ForCausalLM,real architecture_GPT2LMHeadModel,real architecture_GPTBigCodeForCausalLM,real architecture_GemmaForCausalLM,real architecture_LlamaForCausalLM,real architecture_LlamaForSequenceClassification,real architecture_MistralForCausalLM,real architecture_MixtralForCausalLM,real architecture_Qwen2ForCausalLM,real architecture_StableLmForCausalLM,real architecture_nan,parameters_0.5B,parameters_1.1B,parameters_1.3B,parameters_10.2B,parameters_10.7B,parameters_13B,parameters_14B,parameters_16B,parameters_22B,parameters_24B,parameters_2B,parameters_2X7B,parameters_32B,parameters_33B,parameters_34B,parameters_3B,parameters_3X7B,parameters_4B,parameters_4X7B,parameters_6.7B,parameters_60B,parameters_6B,parameters_70B,parameters_7B,parameters_8B,parameters_9B,parameters_nan,is instruct/chat_False,is instruct/chat_True,is instruct/chat_<NA>,version_v0.1,version_v1,version_v1.0,version_v1.3,version_v1.5,version_v1.9,version_v10,version_v11.1,version_v12,version_v13,version_v14,version_v2,version_v2.0,version_v3,version_v3.5,version_v4,version_v5,version_v6.1,version_nan,is_anomaly_lof,lof_score,lof_label
shareAI/CodeLLaMA-chat-13b-Chinese,21,130,0.4325938566552901,0.4483836718796732,0.1076573161485974,0.6387173869747063,0.3428563918194793,0.4897083346128792,1336,0.6787687450670876,,,,,,1692943422,1,0,0,0,0,0,0,0,0,0,0,0,0,0,1,0,0,0,0,0,0,0,0,0,0,0,1,0,0,0,0,0,1,0,0,0,0,0,0,0,0,0,0,0,0,0,0,0,0,0,0,0,0,0,0,1,0,0,0,0,0,0,0,0,0,0,0,0,0,0,0,0,0,0,0,1,True,4.743068003290466,Аномалия
deepseek-ai/DeepSeek-Coder-V2-Lite-Instruct,509,220951,,,,,,,,,2.0,5.0,15.66,15.0,3.636363636,1718346213,0,0,1,0,0,1,0,0,0,0,0,0,0,0,0,0,1,0,0,0,0,0,0,0,0,0,0,0,0,0,0,0,0,0,0,0,0,0,0,0,0,0,0,0,0,0,0,0,0,0,0,0,0,1,0,1,0,0,0,0,0,0,0,0,0,0,0,0,1,0,0,0,0,0,0,0,True,4.25333455556314,Аномалия
lqtrung1998/Codellama-7b-hf-ReFT-Rerank-GSM8k,2,63,0.2926621160409556,0.301795696841213,0.0,0.2613025293766182,0.2464302446713588,0.4997242001927576,208,0.510655090765588,,,,,,1706589314,0,1,0,0,0,0,0,0,0,1,0,0,0,0,0,0,0,0,0,0,0,1,0,0,0,0,0,0,0,0,0,0,0,0,0,0,0,0,0,0,0,0,0,0,0,0,0,0,0,0,1,0,0,0,1,0,0,0,0,0,0,0,0,0,0,0,0,0,0,0,0,0,0,0,0,1,True,4.064702938603628,Аномалия
stabilityai/stable-code-3b,658,5635,0.3532423208191126,0.4152714344941353,0.1956027293404094,0.5744871539533958,0.3753183003253452,0.4160246692195242,2151,0.5769534333070244,,,,,,1704765838,0,0,1,0,0,0,0,0,0,0,0,0,0,1,0,0,0,0,0,0,0,0,0,0,0,1,0,0,0,0,0,0,0,0,0,0,0,0,0,0,0,0,1,0,0,0,0,0,0,0,0,0,0,0,1,0,0,0,0,0,0,0,0,0,0,0,0,0,0,0,0,0,0,0,0,1,True,3.9033039704688712,Аномалия
GeorgiaTechResearchInstitute/starcoder-gpteacher-code-instruct,81,1052,0.3267918088737201,0.3414593698728914,0.0,0.476000796654053,0.2862565924952323,0.4040637694384942,2332,0.5556432517758485,,,,,,1683317045,0,0,1,0,0,0,0,0,1,0,0,0,0,0,0,0,0,0,1,0,0,0,0,0,0,0,0,0,0,0,0,0,0,0,0,0,0,0,0,0,0,0,0,0,0,0,0,0,0,0,0,0,0,1,0,1,0,0,0,0,0,0,0,0,0,0,0,0,0,0,0,0,0,0,0,1,True,3.8417688198430633,Аномалия
Qwen/Qwen2.5-Coder-0.5B-Instruct,54,5952727,,,,,,,,,,0.6,11.51,0.6,3.5,1730879366,0,0,1,0,0,0,0,0,0,0,0,0,1,0,0,0,0,0,0,0,0,0,0,0,1,0,0,1,0,0,0,0,0,0,0,0,0,0,0,0,0,0,0,0,0,0,0,0,0,0,0,0,0,0,0,1,0,0,0,0,0,0,0,0,0,0,0,0,0,0,0,0,0,0,0,1,True,3.4835458552892127,Аномалия
Salesforce/codegen-16B-nl,18,1081,0.4675767918088737,0.4258935558882286,0.026535253980288,0.7186815375423222,0.3235430166341825,0.3394667243139816,599,0.6795580110497238,,,,,,1649811116,0,0,1,0,1,0,0,0,0,0,0,0,0,0,0,1,0,0,0,0,0,0,0,0,0,0,0,0,0,0,0,0,0,0,1,0,0,0,0,0,0,0,0,0,0,0,0,0,0,0,0,0,0,0,1,0,0,0,0,0,0,0,0,0,0,0,0,0,0,0,0,0,0,0,0,1,True,3.333451270017561,Аномалия
Gryphe/Codex-24B-Small-3.2,59,231,,,,,,,,,,2.7,37.73,4.2,8.5,1750595516,0,0,0,1,0,0,0,0,0,0,1,0,0,0,0,0,0,0,0,0,0,0,1,0,0,0,0,0,0,0,0,0,0,0,0,0,1,0,0,0,0,0,0,0,0,0,0,0,0,0,0,0,0,0,1,0,0,0,0,0,0,0,0,0,0,0,0,0,0,0,0,0,0,0,0,1,True,3.2920691667369084,Аномалия
Ramikan-BR/tinyllama-coder-py-v14,0,9,0.3071672354948805,0.344627367395758,0.0189537528430629,0.5147380999800837,0.2510606751470485,0.4036266034982647,3282,0.5722178374112076,14.0,,,,,1717072575,0,0,1,0,0,0,0,0,0,1,0,0,0,0,0,0,0,0,0,0,1,0,0,0,0,0,0,0,0,0,0,0,0,0,0,0,0,0,0,0,0,0,0,0,0,0,0,0,0,0,0,0,0,1,1,0,0,0,0,0,0,0,0,0,0,0,0,1,0,0,0,0,0,0,0,0,True,3.0554677987041052,Аномалия
Ramikan-BR/tinyllama_PY-CODER-4bit-lora_4k-v5,0,36,0.2824232081911262,0.3235495911604487,0.0022744503411675,0.4353714399522007,0.2412900451560516,0.4369234072684756,3279,0.5430149960536701,5.0,,,,,1715354973,0,0,1,0,0,0,0,0,0,1,0,0,0,0,0,0,0,0,0,0,1,0,0,0,0,0,0,0,0,0,0,0,0,0,0,0,0,0,0,0,0,0,0,0,1,0,0,0,0,0,0,0,0,0,1,0,0,0,0,0,0,0,0,0,0,0,0,0,0,0,0,0,0,1,0,0,True,3.026350381757344,Аномалия
Ramikan-BR/tinyllama-coder-py-v13,0,82,0.2969283276450511,0.3395038950987553,0.0197119029567854,0.4978092013543119,0.2472846141261447,0.4078070829948479,3283,0.5674822415153907,13.0,,,,,1716984152,0,0,1,0,0,0,0,0,0,1,0,0,0,0,0,0,0,0,0,0,1,0,0,0,0,0,0,0,0,0,0,0,0,0,0,0,0,0,0,0,0,0,0,0,0,0,0,0,0,0,0,0,0,1,1,0,0,0,0,0,0,0,0,0,0,0,1,0,0,0,0,0,0,0,0,0,True,3.024174870393506,Аномалия
Ramikan-BR/tinyllama-coder-py-4bit-v4,0,28,0.2969283276450511,0.3389275598632379,0.0106141015921152,0.5153355905198168,0.2632136566451564,0.3681524515223549,3281,0.579321231254933,4.0,,,,,1716380010,0,0,1,0,0,0,0,0,0,1,0,0,0,0,0,0,0,0,0,0,1,0,0,0,0,0,0,0,0,0,0,0,0,0,0,0,0,0,0,0,0,0,0,0,1,0,0,0,0,0,0,0,0,0,1,0,0,0,0,0,0,0,0,0,0,0,0,0,0,0,0,0,1,0,0,0,True,3.017833863297029,Аномалия
prithivMLmods/Viper-Coder-HybridMini-v1.3,9,22,,,,,,,,,1.3,0.9,21.88,2.2,7.0,1740173244,0,0,1,0,0,0,0,0,0,0,0,0,1,0,0,0,0,0,0,0,0,0,0,0,1,0,0,0,0,0,0,0,0,0,0,0,0,0,0,0,0,0,0,0,0,0,0,0,0,0,0,0,0,1,1,0,0,0,0,0,1,0,0,0,0,0,0,0,0,0,0,0,0,0,0,0,True,2.9940390767031357,Аномалия
rombodawg/Llama-3-8B-Base-Coder-v3.5-10k,0,9,0.5725255972696246,0.6153144807180396,0.4200151630022744,0.811292571200956,0.6537723896306631,0.4513293084296604,5124,0.7829518547750592,3.5,,,,,1715339663,0,0,1,0,0,0,0,0,0,1,0,0,0,0,0,0,0,0,0,0,1,0,0,0,0,0,0,0,0,0,0,0,0,0,0,0,0,0,0,0,0,0,0,0,0,0,0,0,0,0,0,1,0,0,1,0,0,0,0,0,0,0,0,0,0,0,0,0,0,0,0,1,0,0,0,0,True,2.8465955689232514,Аномалия
OpenBuddy/openbuddy-codellama2-34b-v11.1-bf16,11,1178,0.5,0.5587939736734931,0.3457164518574678,0.7119099780920135,0.5571082206133329,0.5300576050535195,5888,0.7079715864246251,11.1,,,,,1694139715,0,0,1,0,0,0,0,0,0,1,0,0,0,0,0,0,0,0,0,0,1,0,0,0,0,0,0,0,0,0,0,0,0,0,0,0,0,0,0,0,0,1,0,0,0,0,0,0,0,0,0,0,0,0,1,0,0,0,0,0,0,0,0,0,1,0,0,0,0,0,0,0,0,0,0,0,False,2.8182530274129216,Норма
deepseek-ai/deepseek-coder-7b-instruct-v1.5,143,9727,0.4854948805460751,0.5088807272268521,0.203942380591357,0.7234614618601872,0.5045423133655634,0.4673350397051116,4107,0.6685082872928176,1.5,,,,,1706197862,0,0,1,0,0,0,0,0,0,1,0,0,0,0,0,0,0,0,0,0,1,0,0,0,0,0,0,0,0,0,0,0,0,0,0,0,0,0,0,0,0,0,0,0,0,0,0,0,0,0,1,0,0,0,0,1,0,0,0,0,0,1,0,0,0,0,0,0,0,0,0,0,0,0,0,0,False,2.7673101034374636,Норма
01-ai/Yi-Coder-9B-Chat,211,14659,,,,,,,,,,1.9,17.83,1.6,5.0,1724206312,0,0,1,0,0,0,0,0,0,1,0,0,0,0,0,0,0,0,0,0,1,0,0,0,0,0,0,0,0,0,0,0,0,0,0,0,0,0,0,0,0,0,0,0,0,0,0,0,0,0,0,0,1,0,0,1,0,0,0,0,0,0,0,0,0,0,0,0,0,0,0,0,0,0,0,1,False,2.7642234268593446,Норма
Salesforce/codegen-6B-multi,20,1270,0.2721843003412969,0.3243078875406975,0.0098559514783927,0.4110734913363871,0.2571229218537694,0.4565419940938498,597,0.5390686661404893,,,,,,1649811088,0,0,1,0,1,0,0,0,0,0,0,0,0,0,0,1,0,0,0,0,0,0,0,0,0,0,0,0,0,0,0,0,0,0,0,0,0,0,0,0,0,0,0,0,0,0,0,0,1,0,0,0,0,0,1,0,0,0,0,0,0,0,0,0,0,0,0,0,0,0,0,0,0,0,0,1,False,2.7640708219695727,Норма
Salesforce/codegen-6B-nl,4,1048,0.4232081911262799,0.3999541725841495,0.0219863532979529,0.6859191396136228,0.2593447813552416,0.3447046127321627,598,0.664561957379637,,,,,,1649811101,0,0,1,0,1,0,0,0,0,0,0,0,0,0,0,1,0,0,0,0,0,0,0,0,0,0,0,0,0,0,0,0,0,0,0,0,0,0,0,0,0,0,0,0,0,0,0,0,1,0,0,0,0,0,1,0,0,0,0,0,0,0,0,0,0,0,0,0,0,0,0,0,0,0,0,1,False,2.751115519018707,Норма
invalid-coder/TinyLlama-1.1B-intermediate-step-1431k-3T-laser-dpo,0,65,0.3302047781569966,0.3646382887411128,0.0121304018195602,0.5999800836486756,0.2688353997203466,0.3807832522108058,2143,0.595895816890292,,,,,,1711297346,0,0,1,0,0,0,0,0,0,1,0,0,0,0,0,0,0,0,0,0,1,0,0,0,0,0,0,0,1,0,0,0,0,0,0,0,0,0,0,0,0,0,0,0,0,0,0,0,0,0,0,0,0,0,1,0,0,0,0,0,0,0,0,0,0,0,0,0,0,0,0,0,0,0,0,1,False,2.728203997891714,Норма
uukuguy/speechless-codellama-34b-v1.9,0,1023,0.5426621160409556,0.5464438027844561,0.247915087187263,0.7520414260107549,0.561248226580676,0.4392000650701971,3347,0.7355958958168903,1.9,,,,,1696417564,0,0,1,0,0,0,0,0,0,1,0,0,0,0,0,0,0,0,0,0,1,0,0,0,0,0,0,0,0,0,0,0,0,0,0,0,0,0,0,0,0,1,0,0,0,0,0,0,0,0,0,0,0,0,1,0,0,0,0,0,0,0,1,0,0,0,0,0,0,0,0,0,0,0,0,0,False,2.665199923540455,Норма
cloudyu/60B_MoE_Coder_v3,3,63,0.71160409556314,0.7474618811869069,0.6694465504169825,0.8544114718183629,0.7536776152192871,0.6700593362662586,761,0.8255722178374112,3.0,,,,,1707369473,0,0,1,0,0,0,0,0,0,0,0,1,0,0,0,0,0,0,0,0,0,0,0,1,0,0,0,0,0,0,0,0,0,0,0,0,0,0,0,0,0,0,0,0,0,0,0,1,0,0,0,0,0,0,1,0,0,0,0,0,0,0,0,0,0,0,0,0,0,0,1,0,0,0,0,0,False,2.6644300573014332,Норма
Qwen/Qwen2.5-Coder-14B-Instruct,132,55690,,,,,,,,,,1.4,19.68,3.2,3.0,1730879386,0,0,1,0,0,0,0,0,0,0,0,0,1,0,0,0,0,0,0,0,0,0,0,0,1,0,0,0,0,0,0,0,0,1,0,0,0,0,0,0,0,0,0,0,0,0,0,0,0,0,0,0,0,0,0,1,0,0,0,0,0,0,0,0,0,0,0,0,0,0,0,0,0,0,0,1,False,2.6535277910749344,Норма
failspy/Codestral-22B-v0.1-abliterated-v3,12,8634,,,,,,,,,0.1,5.0,17.57,40.0,4.545454545,1717434507,0,0,1,0,0,0,0,0,0,0,1,0,0,0,0,0,0,0,0,0,0,0,1,0,0,0,0,0,0,0,0,0,0,0,0,1,0,0,0,0,0,0,0,0,0,0,0,0,0,0,0,0,0,0,1,0,0,1,0,0,0,0,0,0,0,0,0,0,0,0,0,0,0,0,0,0,False,2.5912049652885605,Норма
FelixChao/Gemma-10.2B-Coder,0,62,0.5870307167235495,0.6393719608537366,0.5011372251705838,0.8203545110535749,0.6195977847580427,0.5243704066589732,498,0.7837411207576953,,,,,,1710685477,0,0,1,0,0,0,1,0,0,0,0,0,0,0,0,0,0,0,0,1,0,0,0,0,0,0,0,0,0,0,1,0,0,0,0,0,0,0,0,0,0,0,0,0,0,0,0,0,0,0,0,0,0,0,1,0,0,0,0,0,0,0,0,0,0,0,0,0,0,0,0,0,0,0,0,1,False,2.5697903967490503,Норма
huihui-ai/Qwen2.5-Coder-32B-Instruct-abliterated,34,201,,,,,,,,,,1.7,27.9,2.5,8.5,1731419165,0,0,1,0,0,0,0,0,0,0,0,0,1,0,0,0,0,0,0,0,0,0,0,0,1,0,0,0,0,0,0,0,0,0,0,0,0,0,0,1,0,0,0,0,0,0,0,0,0,0,0,0,0,0,0,1,0,0,0,0,0,0,0,0,0,0,0,0,0,0,0,0,0,0,0,1,False,2.4895315498129724,Норма
mistralai/Codestral-22B-v0.1,1318,8549,,,,,,,,,0.1,1.6,22.53,1.3,6.5,1716982130,0,0,0,1,0,0,0,0,0,0,1,0,0,0,0,0,0,0,0,0,0,0,1,0,0,0,0,0,0,0,0,0,0,0,0,1,0,0,0,0,0,0,0,0,0,0,0,0,0,0,0,0,0,0,1,0,0,1,0,0,0,0,0,0,0,0,0,0,0,0,0,0,0,0,0,0,False,2.462365352958661,Норма
Ramikan-BR/tinyllama_PY-CODER-4bit-lora_4k-v12,0,16,0.2815699658703072,0.3146420645631386,0.0,0.4143596893049193,0.2649280840846921,0.4076576315443275,3277,0.5193370165745856,12.0,,,,,1715860881,0,0,1,0,0,0,0,0,0,1,0,0,0,0,0,0,0,0,0,0,1,0,0,0,0,0,0,0,0,0,0,0,0,0,0,0,0,0,0,0,0,0,0,0,1,0,0,0,0,0,0,0,0,0,1,0,0,0,0,0,0,0,0,0,0,1,0,0,0,0,0,0,0,0,0,0,False,2.4372460948716643,Норма
Ramikan-BR/tinyllama-coder-py-4bit-v10,0,143,0.3438566552901024,0.3570229210737588,0.0053070507960576,0.563433578968333,0.2641802661331678,0.3844602120346868,3280,0.5808997632202052,10.0,,,,,1716641209,0,0,1,0,0,0,0,0,0,1,0,0,0,0,0,0,0,0,0,0,1,0,0,0,0,0,0,0,0,0,0,0,0,0,0,0,0,0,0,0,0,0,0,0,1,0,0,0,0,0,0,0,0,0,1,0,0,0,0,0,0,0,0,1,0,0,0,0,0,0,0,0,0,0,0,0,False,2.433504271597419,Норма
MAISAAI/gemma-2b-coder,5,72,0.4897610921501706,0.4564928166508797,0.1607278241091736,0.714299940250946,0.3702172914597018,0.3354424646424683,6891,0.6685082872928176,,,,,,1708621196,0,0,1,0,0,0,1,0,0,0,0,0,0,0,0,0,0,0,0,1,0,0,0,0,0,0,0,0,0,0,0,0,0,0,0,0,0,1,0,0,0,0,0,0,0,0,0,0,0,0,0,0,0,0,1,0,0,0,0,0,0,0,0,0,0,0,0,0,0,0,0,0,0,0,0,1,False,2.429154304057021,Норма
google/codegemma-2b,88,2330,0.2568259385665529,0.3219145147904793,0.0462471569370735,0.3963353913563035,0.2831682474971356,0.4122094861932293,5475,0.5367008681925809,,,,,,1711040100,0,0,1,0,0,0,1,0,0,0,0,0,0,0,0,0,0,0,0,1,0,0,0,0,0,0,0,0,0,0,0,0,0,0,0,0,0,1,0,0,0,0,0,0,0,0,0,0,0,0,0,0,0,0,1,0,0,0,0,0,0,0,0,0,0,0,0,0,0,0,0,0,0,0,0,1,False,2.425904012847872,Норма
Ramikan-BR/tinyllama-coder-py-4bit-v3,0,49,0.2935153583617747,0.3345146389263786,0.0060652009097801,0.4951204939255128,0.2622461242054357,0.3779228187445603,3284,0.5722178374112076,3.0,,,,,1716291701,0,0,1,0,0,0,0,0,0,1,0,0,0,0,0,0,0,0,0,0,1,0,0,0,0,0,0,0,0,0,0,0,0,0,0,0,0,0,0,0,0,0,0,0,1,0,0,0,0,0,0,0,0,0,1,0,0,0,0,0,0,0,0,0,0,0,0,0,0,0,1,0,0,0,0,0,False,2.3990774061437694,Норма
Qwen/Qwen2.5-Coder-32B-Instruct,1957,305471,,,,,,,,,,1.6,18.1,2.5,4.0,1730879390,0,0,1,0,0,0,0,0,0,0,0,0,1,0,0,0,0,0,0,0,0,0,0,0,1,0,0,0,0,0,0,0,0,0,0,0,0,0,0,1,0,0,0,0,0,0,0,0,0,0,0,0,0,0,0,1,0,0,0,0,0,0,0,0,0,0,0,0,0,0,0,0,0,0,0,1,False,2.370501365405384,Норма
nextai-team/Moe-2x7b-QA-Code,5,69,0.6518771331058021,0.6741552600664923,0.4965883244882487,0.8536148177653854,0.6171032285785538,0.6522673934775387,3997,0.7734806629834254,,,,,,1707045865,0,0,1,0,0,0,0,0,0,0,0,1,0,0,0,0,0,0,0,0,0,0,0,1,0,0,0,0,0,0,0,0,0,0,0,0,0,0,1,0,0,0,0,0,0,0,0,0,0,0,0,0,0,0,1,0,0,0,0,0,0,0,0,0,0,0,0,0,0,0,0,0,0,0,0,1,False,2.355817814310599,Норма
nextai-team/Moe-3x7b-QA-Code-Inst,4,58,0.6424914675767918,0.6669665507520062,0.4859742228961334,0.8460466042620992,0.6215285119061728,0.6314885689047778,3999,0.7742699289660616,,,,,,1707052883,0,0,1,0,0,0,0,0,0,0,0,1,0,0,0,0,0,0,0,0,0,0,0,1,0,0,0,0,0,0,0,0,0,0,0,0,0,0,0,0,0,0,0,1,0,0,0,0,0,0,0,0,0,0,1,0,0,0,0,0,0,0,0,0,0,0,0,0,0,0,0,0,0,0,0,1,False,2.3489350524886796,Норма
Ramikan-BR/tinyllama-coder-py-v12,0,65,0.3199658703071672,0.3522217559468573,0.0144048521607278,0.5361481776538538,0.2630715634183219,0.4091007666951377,3278,0.5706393054459353,12.0,,,,,1716775043,0,0,1,0,0,0,0,0,0,1,0,0,0,0,0,0,0,0,0,0,1,0,0,0,0,0,0,0,0,0,0,0,0,0,0,0,0,0,0,0,0,0,0,0,0,0,0,0,0,0,0,0,0,1,1,0,0,0,0,0,0,0,0,0,0,1,0,0,0,0,0,0,0,0,0,0,False,2.314471320745043,Норма
CodeLlama-70b-Instruct-hf,208,3975,0.5503412969283277,0.599784412158893,0.4624715693707354,0.7723561043616809,0.5640310901888521,0.5044393244952377,5338,0.745067087608524,,0.0,0.0,0.0,0.0,1706526004,0,0,1,0,0,0,0,0,0,1,0,0,0,0,0,0,0,0,0,0,1,0,0,0,0,0,0,0,0,0,0,0,0,0,0,0,0,0,0,0,0,0,0,0,0,0,0,0,0,1,0,0,0,0,0,1,0,0,0,0,0,0,0,0,0,0,0,0,0,0,0,0,0,0,0,1,False,2.2791028098953223,Норма
invalid-coder/Sakura-SOLAR-Instruct-CarbonVillain-en-10.7B-v2-slerp,0,13764,0.712457337883959,0.7444788624951343,0.6535253980288097,0.8841864170483967,0.6630642110130035,0.7193856673502277,2144,0.8342541436464088,2.0,,,,,1704902818,0,0,1,0,0,0,0,0,0,1,0,0,0,0,0,0,0,0,0,0,1,0,0,0,0,0,0,0,0,0,0,1,0,0,0,0,0,0,0,0,0,0,0,0,0,0,0,0,0,0,0,0,0,0,0,1,0,0,0,0,0,0,0,0,0,0,0,0,1,0,0,0,0,0,0,0,False,2.231420976306505,Норма
codeparrot/codeparrot,111,1316,0.2167235494880546,0.2947699491145046,0.0022744503411675,0.2834096793467436,0.2555426340354811,0.5086962165189903,3513,0.5019731649565904,,,,,,1646263745,0,0,1,0,0,0,0,1,0,0,0,0,0,0,0,0,0,1,0,0,0,0,0,0,0,0,0,0,0,0,0,0,0,0,0,0,0,0,0,0,0,0,0,0,0,0,0,0,0,0,0,0,0,1,1,0,0,0,0,0,0,0,0,0,0,0,0,0,0,0,0,0,0,0,0,1,False,2.173267486620138,Норма
microsoft/CodeGPT-small-py,28,5924,0.2269624573378839,0.2916732535303711,0.0,0.2725552678749253,0.2504909026686048,0.5122645160316733,5602,0.4877663772691397,,,,,,1646263745,0,0,1,0,0,0,0,1,0,0,0,0,0,0,0,0,0,1,0,0,0,0,0,0,0,0,0,0,0,0,0,0,0,0,0,0,0,0,0,0,0,0,0,0,0,0,0,0,0,0,0,0,0,1,1,0,0,0,0,0,0,0,0,0,0,0,0,0,0,0,0,0,0,0,0,1,False,2.163268936288566,Норма
mahiatlinux/MasherAI-v6.1-7B-checkpoint3-code4,0,10,0.6254266211604096,0.679925425249822,0.6489764973464746,0.8227444732125074,0.6314790096024192,0.5379819880618892,2228,0.8129439621152328,6.1,,,,,1712372080,0,0,1,0,0,0,0,0,0,0,1,0,0,0,0,0,0,0,0,0,0,0,1,0,0,0,0,0,0,0,0,0,0,0,0,0,0,0,0,0,0,0,0,0,0,0,0,0,0,0,1,0,0,0,1,0,0,0,0,0,0,0,0,0,0,0,0,0,0,0,0,0,0,0,1,0,False,2.1463984951351653,Норма
OpenAssistant/codellama-13b-oasst-sft-v10,69,2071,0.4735494880546075,0.4760688396748537,0.1319181197877179,0.68442541326429,0.4562280461735254,0.4323124916845299,4743,0.6779794790844514,10.0,,,,,1693044809,0,0,1,0,0,0,0,0,0,1,0,0,0,0,0,0,0,0,0,0,1,0,0,0,0,0,0,0,0,0,0,0,1,0,0,0,0,0,0,0,0,0,0,0,0,0,0,0,0,0,0,0,0,0,0,1,0,0,0,0,0,0,0,1,0,0,0,0,0,0,0,0,0,0,0,0,False,2.1385378133069093,Норма
Sharathhebbar24/code_gpt2,0,65,0.2329351535836177,0.2819319389526516,0.0,0.3098984266082453,0.2502561971311249,0.4059998832279649,3505,0.4925019731649566,,,,,,1707054094,0,0,1,0,0,0,0,1,0,0,0,0,0,0,0,0,0,1,0,0,0,0,0,0,0,0,0,0,0,0,0,0,0,0,0,0,0,0,0,0,0,0,0,0,0,0,0,0,0,0,0,0,0,1,1,0,0,0,0,0,0,0,0,0,0,0,0,0,0,0,0,0,0,0,0,1,False,2.0830447160997787,Норма
Sharathhebbar24/code_gpt2_mini_model,0,62,0.2372013651877133,0.2848937184723494,0.0,0.3124875522804222,0.2495897122740614,0.3986393243436752,3497,0.5114443567482242,,,,,,1706256229,0,0,1,0,0,0,0,1,0,0,0,0,0,0,0,0,0,1,0,0,0,0,0,0,0,0,0,0,0,0,0,0,0,0,0,0,0,0,0,0,0,0,0,0,0,0,0,0,0,0,0,0,0,1,1,0,0,0,0,0,0,0,0,0,0,0,0,0,0,0,0,0,0,0,0,1,False,2.0767026691807486,Норма
deepseek-ai/deepseek-coder-1.3b-instruct,150,636400,0.2858361774744027,0.3240249426233787,0.0106141015921152,0.398725353515236,0.2847489756118583,0.4401524350762575,4112,0.5240726124704025,,,,,,1698583420,0,0,1,0,0,0,0,0,0,1,0,0,0,0,0,0,0,0,0,0,1,0,0,0,0,0,0,0,0,1,0,0,0,0,0,0,0,0,0,0,0,0,0,0,0,0,0,0,0,0,0,0,0,0,0,1,0,0,0,0,0,0,0,0,0,0,0,0,0,0,0,0,0,0,0,1,False,2.0484918996188406,Норма
uukuguy/speechless-coder-ds-1.3b,0,1011,0.265358361774744,0.3139774794926775,0.023502653525398,0.3949412467635929,0.248517077736328,0.4211587968245106,3380,0.5303867403314917,,,,,,1703915461,0,0,1,0,0,0,0,0,0,1,0,0,0,0,0,0,0,0,0,0,1,0,0,0,0,0,0,0,0,1,0,0,0,0,0,0,0,0,0,0,0,0,0,0,0,0,0,0,0,0,0,0,0,0,1,0,0,0,0,0,0,0,0,0,0,0,0,0,0,0,0,0,0,0,0,1,False,1.9831817562597003,Норма
uukuguy/speechless-codellama-34b-v2.0,17,1011,0.5435153583617748,0.525078683072795,0.1159969673995451,0.7565226050587532,0.5467239691268573,0.45211730267295,3355,0.7355958958168903,2.0,,,,,1696413398,0,0,1,0,0,0,0,0,0,1,0,0,0,0,0,0,0,0,0,0,1,0,0,0,0,0,0,0,0,0,0,0,0,0,0,0,0,0,0,0,0,1,0,0,0,0,0,0,0,0,0,0,0,0,1,0,0,0,0,0,0,0,0,0,0,0,0,0,0,1,0,0,0,0,0,0,False,1.9541006096088318,Норма
Phind/Phind-CodeLlama-34B-v2,833,2636,0.2457337883959044,0.3688905776669516,0.2319939347990902,0.2760406293567018,0.2576246774726469,0.4837183917784713,969,0.7182320441988951,2.0,,,,,1693258149,0,0,1,0,0,0,0,0,0,1,0,0,0,0,0,0,0,0,0,0,1,0,0,0,0,0,0,0,0,0,0,0,0,0,0,0,0,0,0,0,0,1,0,0,0,0,0,0,0,0,0,0,0,0,1,0,0,0,0,0,0,0,0,0,0,0,0,0,1,0,0,0,0,0,0,0,False,1.9306608188094505,Норма
invalid-coder/SOLAR-10.7B-Instruct-SOLARC-M-10.7B-slerp,0,60,0.7107508532423208,0.7431982971415678,0.6474601971190296,0.8833897629954193,0.6628766834164657,0.7173010784992183,2147,0.8374112075769534,,,,,,1704916325,0,0,1,0,0,0,0,0,0,1,0,0,0,0,0,0,0,0,0,0,1,0,0,0,0,0,0,0,0,0,0,1,0,0,0,0,0,0,0,0,0,0,0,0,0,0,0,0,0,0,0,0,0,0,0,1,0,0,0,0,0,0,0,0,0,0,0,0,0,0,0,0,0,0,0,1,False,1.9078034440914973,Норма
Plaban81/Moe-4x7b-math-reason-code,2,79,0.6254266211604096,0.6573395109290803,0.5458680818802123,0.8386775542720574,0.6120290462761896,0.5611833547243651,1746,0.760852407261247,,,,,,1706248239,0,0,1,0,0,0,0,0,0,0,0,1,0,0,0,0,0,0,0,0,0,0,0,1,0,0,0,0,0,0,0,0,0,0,0,0,0,0,0,0,0,0,0,0,0,1,0,0,0,0,0,0,0,0,1,0,0,0,0,0,0,0,0,0,0,0,0,0,0,0,0,0,0,0,0,1,False,1.901278813788289,Норма
rombodawg/Everyone-Coder-4x7b-Base,42,8804,0.6450511945392492,0.6756109071964547,0.6345716451857468,0.8481378211511651,0.6426645644808523,0.4916064372376573,5128,0.7916337805840569,,,,,,1705191614,0,0,1,0,0,0,0,0,0,0,0,1,0,0,0,0,0,0,0,0,0,0,0,1,0,0,0,0,0,0,0,0,0,0,0,0,0,0,0,0,0,0,0,0,0,1,0,0,0,0,0,0,0,0,1,0,0,0,0,0,0,0,0,0,0,0,0,0,0,0,0,0,0,0,0,1,False,1.8988670557624114,Норма
nextai-team/Moe-4x7b-reason-code-qa,5,79,0.6254266211604096,0.6573395109290803,0.5458680818802123,0.8386775542720574,0.6120290462761896,0.5611833547243651,3998,0.760852407261247,,,,,,1706475673,0,0,1,0,0,0,0,0,0,0,0,1,0,0,0,0,0,0,0,0,0,0,0,1,0,0,0,0,0,0,0,0,0,0,0,0,0,0,0,0,0,0,0,0,0,1,0,0,0,0,0,0,0,0,1,0,0,0,0,0,0,0,0,0,0,0,0,0,0,0,0,0,0,0,0,1,False,1.8878773331392016,Норма
Qwen/Qwen2.5-Coder-3B-Instruct,84,76017,,,,,,,,,,0.7,10.23,0.6,2.5,1730879378,0,0,1,0,0,0,0,0,0,0,0,0,1,0,0,0,0,0,0,0,0,0,0,0,1,0,0,0,0,0,0,0,0,0,0,0,0,0,0,0,0,0,1,0,0,0,0,0,0,0,0,0,0,0,0,1,0,0,0,0,0,0,0,0,0,0,0,0,0,0,0,0,0,0,0,1,False,1.8700619780805177,Норма
google/codegemma-7b,207,2280,0.5392491467576792,0.5672854002343404,0.4548900682335102,0.7672774347739494,0.5658503652970808,0.3803127896587398,5470,0.6961325966850829,,,,,,1711040209,0,0,1,0,0,0,1,0,0,0,0,0,0,0,0,0,0,0,0,1,0,0,0,0,0,0,0,0,0,0,0,0,0,0,0,0,0,0,0,0,0,0,0,0,0,0,0,0,0,0,1,0,0,0,1,0,0,0,0,0,0,0,0,0,0,0,0,0,0,0,0,0,0,0,0,1,False,1.8139644638663739,Норма
mwitiderrick/open_llama_3b_glaive_code_v0.1,1,26,0.4069965870307167,0.397397503071458,0.0197119029567854,0.6744672376020713,0.2774128186134775,0.3585983664640556,4479,0.6471981057616417,0.1,,,,,1702974602,0,0,1,0,0,0,0,0,0,1,0,0,0,0,0,0,0,0,0,0,1,0,0,0,0,0,0,0,0,0,0,0,0,0,0,0,0,0,0,0,0,0,1,0,0,0,0,0,0,0,0,0,0,0,1,0,0,1,0,0,0,0,0,0,0,0,0,0,0,0,0,0,0,0,0,0,False,1.798579022161879,Норма
HenryJJ/Instruct_Yi-6B_Dolly_CodeAlpaca,0,1123,0.5315699658703071,0.561114707919007,0.2835481425322214,0.7530372435769767,0.6305541924686109,0.4142296896484037,4991,0.7537490134175217,,,,,,1704594710,0,0,1,0,0,0,0,0,0,1,0,0,0,0,0,0,0,0,0,0,1,0,0,0,0,0,0,0,0,0,0,0,0,0,0,0,0,0,0,0,0,0,0,0,0,0,0,0,1,0,0,0,0,0,0,1,0,0,0,0,0,0,0,0,0,0,0,0,0,0,0,0,0,0,0,1,False,1.7906919643769044,Норма
google/codegemma-7b-it,243,2927,0.53839590443686,0.5827551617453761,0.5246398786959818,0.7250547699661422,0.5609969255805187,0.4852493323610256,5473,0.6621941594317285,,,,,,1711040263,0,0,1,0,0,0,1,0,0,0,0,0,0,0,0,0,0,0,0,1,0,0,0,0,0,0,0,0,0,0,0,0,0,0,0,0,0,0,0,0,0,0,0,0,0,0,0,0,0,0,1,0,0,0,1,0,0,0,0,0,0,0,0,0,0,0,0,0,0,0,0,0,0,0,0,1,False,1.7082604389327831,Норма
FelixChao/vicuna-33b-coder,4,1122,0.606655290102389,0.5707916770236011,0.1288855193328279,0.8330013941445927,0.5691889424130079,0.5182738490611815,503,0.7687450670876085,,,,,,1692670525,0,0,1,0,0,0,0,0,0,1,0,0,0,0,0,0,0,0,0,0,1,0,0,0,0,0,0,0,0,0,0,0,0,0,0,0,0,0,0,0,1,0,0,0,0,0,0,0,0,0,0,0,0,0,1,0,0,0,0,0,0,0,0,0,0,0,0,0,0,0,0,0,0,0,0,1,False,1.6859658573132439,Норма
Phind/Phind-CodeLlama-34B-v1,321,1227,0.2713310580204778,0.3706303306686246,0.2047005307050796,0.2828121888070105,0.2894129175279191,0.4494005849260043,967,0.7261247040252565,1.0,,,,,1692994585,0,0,1,0,0,0,0,0,0,1,0,0,0,0,0,0,0,0,0,0,1,0,0,0,0,0,0,0,0,0,0,0,0,0,0,0,0,0,0,0,0,1,0,0,0,0,0,0,0,0,0,0,0,0,1,0,0,0,1,0,0,0,0,0,0,0,0,0,0,0,0,0,0,0,0,0,False,1.6603189421949582,Норма
Qwen/Qwen2.5-Coder-7B-Instruct,571,677381,,,,,,,,,,1.9,15.86,2.8,2.0,1726580329,0,0,1,0,0,0,0,0,0,0,0,0,1,0,0,0,0,0,0,0,0,0,0,0,1,0,0,0,0,0,0,0,0,0,0,0,0,0,0,0,0,0,0,0,0,0,0,0,0,0,1,0,0,0,0,1,0,0,0,0,0,0,0,0,0,0,0,0,0,0,0,0,0,0,0,1,False,1.659718635119051,Норма
Qwen/CodeQwen1.5-7B-Chat,349,2761,0.3549488054607508,0.4326098089490287,0.2789992418498863,0.5403306114319857,0.3937326322889418,0.4475370654250384,5359,0.580110497237569,,0.7,17.23,1.2,6.0,1713165426,0,0,1,0,0,0,0,0,0,0,0,0,1,0,0,0,0,0,0,0,0,0,0,0,1,0,0,0,0,0,0,0,0,0,0,0,0,0,0,0,0,0,0,0,0,0,0,0,0,0,1,0,0,0,0,1,0,0,0,0,0,0,0,0,0,0,0,0,0,0,0,0,0,0,0,1,False,1.6555220516213052,Норма
Phind/Phind-CodeLlama-34B-Python-v1,252,1206,0.2465870307167235,0.363348180296829,0.2153146322971948,0.2977494523003385,0.2795357708258406,0.4526622587821551,968,0.6882399368587214,1.0,,,,,1692995589,0,0,1,0,0,0,0,0,0,1,0,0,0,0,0,0,0,0,0,0,1,0,0,0,0,0,0,0,0,0,0,0,0,0,0,0,0,0,0,0,0,1,0,0,0,0,0,0,0,0,0,0,0,0,1,0,0,0,1,0,0,0,0,0,0,0,0,0,0,0,0,0,0,0,0,0,False,1.652344916786983,Норма
rombodawg/Llama-3-8B-Instruct-Coder,54,349,0.606655290102389,0.6659288276033833,0.6732373009855952,0.7799243178649672,0.6634645239045391,0.523278115241104,5121,0.7490134175217048,,,,,,1714825566,0,0,1,0,0,0,0,0,0,1,0,0,0,0,0,0,0,0,0,0,1,0,0,0,0,0,0,0,0,0,0,0,0,0,0,0,0,0,0,0,0,0,0,0,0,0,0,0,0,0,0,1,0,0,0,1,0,0,0,0,0,0,0,0,0,0,0,0,0,0,0,0,0,0,0,1,False,1.6355235933705152,Норма
rombodawg/Everyone-Coder-33b-Base,21,80,0.4598976109215017,0.4948013926901679,0.3980288097043215,0.6171081457876917,0.4405204172322225,0.4226298523689878,5123,0.6306235201262825,,,,,,1706083402,0,0,1,0,0,0,0,0,0,1,0,0,0,0,0,0,0,0,0,0,1,0,0,0,0,0,0,0,0,0,0,0,0,0,0,0,0,0,0,0,1,0,0,0,0,0,0,0,0,0,0,0,0,0,1,0,0,0,0,0,0,0,0,0,0,0,0,0,0,0,0,0,0,0,0,1,False,1.6295222013800355,Норма
ajibawa-2023/Python-Code-33B,8,1143,0.5631399317406144,0.5505576711300512,0.1918119787717968,0.8100975901214897,0.5421826459542846,0.443943398739872,3173,0.7521704814522494,,,,,,1699852441,0,0,1,0,0,0,0,0,0,1,0,0,0,0,0,0,0,0,0,0,1,0,0,0,0,0,0,0,0,0,0,0,0,0,0,0,0,0,0,0,1,0,0,0,0,0,0,0,0,0,0,0,0,0,1,0,0,0,0,0,0,0,0,0,0,0,0,0,0,0,0,0,0,0,0,1,False,1.613530098628922,Норма
rombodawg/test_dataset_Codellama-3-8B,78,38,0.60580204778157,0.6674248563484301,0.6793025018953753,0.7801234813782115,0.664400446462172,0.5243287110862743,5126,0.7505919494869772,,,,,,1714269384,0,0,1,0,0,0,0,0,0,1,0,0,0,0,0,0,0,0,0,0,1,0,0,0,0,0,0,0,0,0,0,0,0,0,0,0,0,0,0,0,0,0,0,0,0,0,0,0,0,0,0,1,0,0,1,0,0,0,0,0,0,0,0,0,0,0,0,0,0,0,0,0,0,0,0,1,False,1.611590072180488,Норма
raincandy-u/Coder1.8-ORPO-TEST,2,14,0.3882252559726962,0.4576157569423937,0.2744503411675512,0.6047600079665405,0.4669766322055811,0.4138079554864293,5222,0.5974743488555643,,,,,,1713504416,0,0,1,0,0,0,0,0,0,0,0,0,1,0,0,0,0,0,0,0,0,0,0,0,1,0,0,0,0,0,0,0,0,0,0,0,0,0,0,0,0,0,0,0,0,0,0,0,0,0,0,0,0,1,1,0,0,0,0,0,0,0,0,0,0,0,0,0,0,0,0,0,0,0,0,1,False,1.5928053242535947,Норма
mwitiderrick/open_llama_3b_code_instruct_0.1,3,1092,0.4121160409556314,0.3972088567628537,0.0189537528430629,0.6695877315275841,0.2781552724220829,0.3501388432233938,4477,0.654301499605367,,,,,,1702302632,0,0,1,0,0,0,0,0,0,1,0,0,0,0,0,0,0,0,0,0,1,0,0,0,0,0,0,0,0,0,0,0,0,0,0,0,0,0,0,0,0,0,1,0,0,0,0,0,0,0,0,0,0,0,0,1,0,0,0,0,0,0,0,0,0,0,0,0,0,0,0,0,0,0,0,1,False,1.5909735660751576,Норма
altomek/CodeRosa-70B-AB1,1,94,0.6552901023890785,0.6403506866520342,0.4450341167551175,0.8316072495518821,0.5986984642506519,0.4985302248502429,954,0.8129439621152328,,,,,,1710437203,0,0,1,0,0,0,0,0,0,1,0,0,0,0,0,0,0,0,0,0,1,0,0,0,0,0,0,0,0,0,0,0,0,0,0,0,0,0,0,0,0,0,0,0,0,0,0,0,0,1,0,0,0,0,1,0,0,0,0,0,0,0,0,0,0,0,0,0,0,0,0,0,0,0,0,1,False,1.5759978897839808,Норма
FelixChao/CodeLlama13B-Finetune-v1,0,1122,0.4581911262798634,0.4718719997228937,0.1099317664897649,0.6935869348735312,0.4504944013110719,0.4497302161076769,514,0.6692975532754538,1.0,,,,,1694624947,0,0,1,0,0,0,0,0,0,1,0,0,0,0,0,0,0,0,0,0,1,0,0,0,0,0,0,0,0,0,0,0,1,0,0,0,0,0,0,0,0,0,0,0,0,0,0,0,0,0,0,0,0,0,1,0,0,0,1,0,0,0,0,0,0,0,0,0,0,0,0,0,0,0,0,0,False,1.5601142062596773,Норма
uukuguy/speechless-code-mistral-7b-v2.0,2,972,0.523037542662116,0.5637143655589377,0.356330553449583,0.7561242780322645,0.5127752345243209,0.5205221363822641,3362,0.7134964483030781,2.0,,,,,1702127423,0,0,1,0,0,0,0,0,0,0,1,0,0,0,0,0,0,0,0,0,0,0,1,0,0,0,0,0,0,0,0,0,0,0,0,0,0,0,0,0,0,0,0,0,0,0,0,0,0,0,1,0,0,0,1,0,0,0,0,0,0,0,0,0,0,0,0,0,0,1,0,0,0,0,0,0,False,1.5422429180876578,Норма
bullerwins/Codestral-22B-v0.1-hf,17,53,0.6254266211604096,0.6670170267270922,0.620166793025019,0.8175662218681538,0.6221375325643521,0.5670023082402775,3590,0.749802683504341,0.1,,,,,1717004102,0,0,1,0,0,0,0,0,0,0,1,0,0,0,0,0,0,0,0,0,0,0,1,0,0,0,0,0,0,0,0,0,0,0,0,1,0,0,0,0,0,0,0,0,0,0,0,0,0,0,0,0,0,0,1,0,0,1,0,0,0,0,0,0,0,0,0,0,0,0,0,0,0,0,0,0,False,1.5356165606918297,Норма
codemateai/CodeMate-v0.1,5,1012,0.5554607508532423,0.5838690214915843,0.401819560272934,0.7803226448914559,0.5530804674826199,0.4864060014239976,3933,0.7261247040252565,0.1,,,,,1705795990,0,0,1,0,0,0,0,0,0,1,0,0,0,0,0,0,0,0,0,0,1,0,0,0,0,0,0,0,0,0,0,0,0,0,0,0,0,0,0,0,0,0,0,0,0,0,0,0,0,0,0,0,0,1,1,0,0,1,0,0,0,0,0,0,0,0,0,0,0,0,0,0,0,0,0,0,False,1.527461582013634,Норма
codellama/CodeLlama-70b-hf,323,661,0.5674061433447098,0.5893282467847092,0.4397270659590599,0.7821151165106552,0.5966658993115309,0.3978847741300497,5333,0.7521704814522494,,,,,,1706525943,0,0,1,0,0,0,0,0,0,1,0,0,0,0,0,0,0,0,0,0,1,0,0,0,0,0,0,0,0,0,0,0,0,0,0,0,0,0,0,0,0,0,0,0,0,0,0,0,0,1,0,0,0,0,1,0,0,0,0,0,0,0,0,0,0,0,0,0,0,0,0,0,0,0,0,1,False,1.5273527339858053,Норма
WhiteRabbitNeo/WhiteRabbitNeo-2.5-Qwen-2.5-Coder-7B,60,57,,,,,,,,,,1.0,16.68,2.0,4.0,1727489058,0,0,1,0,0,0,0,0,0,0,0,0,1,0,0,0,0,0,0,0,0,0,0,0,1,0,0,0,0,0,0,0,0,0,0,0,0,0,0,0,0,0,0,0,0,0,0,0,0,0,1,0,0,0,1,0,0,0,0,0,0,0,0,0,0,0,0,0,0,0,0,0,0,0,0,1,False,1.5016476322353522,Норма
codellama/CodeLlama-70b-Python-hf,110,175,0.5511945392491467,0.5799932568501792,0.4344200151630022,0.7848038239394542,0.5616661084014961,0.4178040204095389,5334,0.7300710339384373,,,,,,1706525979,0,0,1,0,0,0,0,0,0,1,0,0,0,0,0,0,0,0,0,0,1,0,0,0,0,0,0,0,0,0,0,0,0,0,0,0,0,0,0,0,0,0,0,0,0,0,0,0,0,1,0,0,0,0,1,0,0,0,0,0,0,0,0,0,0,0,0,0,0,0,0,0,0,0,0,1,False,1.4945057367545775,Норма
ajibawa-2023/Code-Llama-3-8B,31,817,0.4974402730375427,0.4779740854681142,0.0288097043214556,0.7277434773949413,0.4915563880303001,0.4466829888879026,3186,0.675611681136543,,,,,,1715058400,0,0,1,0,0,0,0,0,0,1,0,0,0,0,0,0,0,0,0,0,1,0,0,0,0,0,0,0,0,0,0,0,0,0,0,0,0,0,0,0,0,0,0,0,0,0,0,0,0,0,0,1,0,0,1,0,0,0,0,0,0,0,0,0,0,0,0,0,0,0,0,0,0,0,0,1,False,1.476201159654875,Норма
oobabooga/CodeBooga-34B-v0.1,147,8924,0.552901023890785,0.5742426953032002,0.3722517058377558,0.7760406293567018,0.5440373046269977,0.4812041979254294,887,0.7190213101815311,0.1,,,,,1697756640,0,0,1,0,0,0,0,0,0,1,0,0,0,0,0,0,0,0,0,0,1,0,0,0,0,0,0,0,0,0,0,0,0,0,0,0,0,0,0,0,0,1,0,0,0,0,0,0,0,0,0,0,0,0,1,0,0,1,0,0,0,0,0,0,0,0,0,0,0,0,0,0,0,0,0,0,False,1.4645028411801757,Норма
ajibawa-2023/Code-290k-6.7B-Instruct,6,74,0.348976109215017,0.3664428016275794,0.0348749052312357,0.5199163513244374,0.3489189692646013,0.419530064311874,3168,0.526440410418311,,,,,,1708839523,0,0,1,0,0,0,0,0,0,1,0,0,0,0,0,0,0,0,0,0,1,0,0,0,0,0,0,0,0,0,0,0,0,0,0,0,0,0,0,0,0,0,0,0,0,0,1,0,0,0,0,0,0,0,0,1,0,0,0,0,0,0,0,0,0,0,0,0,0,0,0,0,0,0,0,1,False,1.4283709858554348,Норма
deepseek-ai/deepseek-coder-6.7b-instruct,459,46324,0.3813993174061433,0.4356557546889326,0.2676269901440485,0.5508862776339375,0.3901940819617859,0.455556353489654,4111,0.5682715074980268,,,,,,1698577296,0,0,1,0,0,0,0,0,0,1,0,0,0,0,0,0,0,0,0,0,1,0,0,0,0,0,0,0,0,0,0,0,0,0,0,0,0,0,0,0,0,0,0,0,0,0,1,0,0,0,0,0,0,0,0,1,0,0,0,0,0,0,0,0,0,0,0,0,0,0,0,0,0,0,0,1,False,1.4279990082489395,Норма
ed001/datascience-coder-6.7b,4,1018,0.3464163822525597,0.4198672260880045,0.2494313874147081,0.538338976299542,0.3795768738148609,0.4482179530052352,6630,0.5572217837411207,,,,,,1703884924,0,0,1,0,0,0,0,0,0,1,0,0,0,0,0,0,0,0,0,0,1,0,0,0,0,0,0,0,0,0,0,0,0,0,0,0,0,0,0,0,0,0,0,0,0,0,1,0,0,0,0,0,0,0,1,0,0,0,0,0,0,0,0,0,0,0,0,0,0,0,0,0,0,0,0,1,False,1.3461866954823178,Норма
deepseek-ai/deepseek-coder-6.7b-base,120,9805,0.3703071672354949,0.408695134547852,0.1796815769522365,0.5345548695478988,0.3839143097701981,0.402813120561078,4108,0.5808997632202052,,,,,,1698077739,0,0,1,0,0,0,0,0,0,1,0,0,0,0,0,0,0,0,0,0,1,0,0,0,0,0,0,0,0,0,0,0,0,0,0,0,0,0,0,0,0,0,0,0,0,0,1,0,0,0,0,0,0,0,1,0,0,0,0,0,0,0,0,0,0,0,0,0,0,0,0,0,0,0,0,1,False,1.328733198962811,Норма
uukuguy/speechless-coder-ds-6.7b,7,1148,0.3686006825938566,0.4111380905343586,0.1872630780894617,0.5245966938856802,0.3808453866930071,0.4167302788975791,3368,0.5887924230465666,,,,,,1703914222,0,0,1,0,0,0,0,0,0,1,0,0,0,0,0,0,0,0,0,0,1,0,0,0,0,0,0,0,0,0,0,0,0,0,0,0,0,0,0,0,0,0,0,0,0,0,1,0,0,0,0,0,0,0,1,0,0,0,0,0,0,0,0,0,0,0,0,0,0,0,0,0,0,0,0,1,False,1.327318476712969,Норма
speechlessai/speechless-codellama-34b-v1.0,0,1036,0.5247440273037542,0.5252633303329945,0.1470811220621683,0.7412865962955587,0.5346703246942103,0.4713590797559301,6353,0.7324388318863457,1.0,,,,,1694522755,0,0,1,0,0,0,0,0,0,1,0,0,0,0,0,0,0,0,0,0,1,0,0,0,0,0,0,0,0,0,0,0,0,0,0,0,0,0,0,0,0,1,0,0,0,0,0,0,0,0,0,0,0,0,1,0,0,0,0,1,0,0,0,0,0,0,0,0,0,0,0,0,0,0,0,0,False,1.277807469653617,Норма
llm-agents/tora-code-34b-v1.0,14,1023,0.5025597269624573,0.4991969907333032,0.1978771796815769,0.754829715196176,0.4665469729187254,0.3961781365390687,3110,0.6771902131018153,1.0,,,,,1696743234,0,0,1,0,0,0,0,0,0,1,0,0,0,0,0,0,0,0,0,0,1,0,0,0,0,0,0,0,0,0,0,0,0,0,0,0,0,0,0,0,0,1,0,0,0,0,0,0,0,0,0,0,0,0,1,0,0,0,0,1,0,0,0,0,0,0,0,0,0,0,0,0,0,0,0,0,False,1.2745980566235735,Норма
llm-agents/tora-code-13b-v1.0,15,1022,0.447098976109215,0.4418596226755337,0.1645185746777862,0.6914957179844653,0.3668755616832667,0.3497561194895506,3112,0.6314127861089187,1.0,,,,,1696742458,0,0,1,0,0,0,0,0,0,1,0,0,0,0,0,0,0,0,0,0,1,0,0,0,0,0,0,0,0,0,0,0,1,0,0,0,0,0,0,0,0,0,0,0,0,0,0,0,0,0,0,0,0,0,1,0,0,0,0,1,0,0,0,0,0,0,0,0,0,0,0,0,0,0,0,0,False,1.2665698990839085,Норма
beowolx/MistralHermes-CodePro-7B-v1,14,24,0.6245733788395904,0.6617069787535237,0.6087945413191812,0.8268273252340171,0.6343861235067638,0.4966549787597113,4696,0.7790055248618785,1.0,,,,,1702229914,0,0,1,0,0,0,0,0,0,0,1,0,0,0,0,0,0,0,0,0,0,0,1,0,0,0,0,0,0,0,0,0,0,0,0,0,0,0,0,0,0,0,0,0,0,0,0,0,0,0,1,0,0,0,1,0,0,0,1,0,0,0,0,0,0,0,0,0,0,0,0,0,0,0,0,0,False,1.2448559015333214,Норма
llm-agents/tora-code-7b-v1.0,18,1031,0.4069965870307167,0.4020508270248029,0.0492797573919636,0.6586337382991436,0.333365726771945,0.3484016861988524,3115,0.6156274664561957,1.0,,,,,1696741763,0,0,1,0,0,0,0,0,0,1,0,0,0,0,0,0,0,0,0,0,1,0,0,0,0,0,0,0,0,0,0,0,0,0,0,0,0,0,0,0,0,0,0,0,0,0,0,0,0,0,1,0,0,0,1,0,0,0,0,1,0,0,0,0,0,0,0,0,0,0,0,0,0,0,0,0,False,1.2391235728535073,Норма
S-miguel/The-Trinity-Coder-7B,6,63,0.6936860068259386,0.728075974548184,0.7338893100833965,0.8616809400517825,0.6489934839762492,0.6125265483406871,1542,0.8176795580110497,,,,,,1711150332,0,0,1,0,0,0,0,0,0,0,1,0,0,0,0,0,0,0,0,0,0,0,1,0,0,0,0,0,0,0,0,0,0,0,0,0,0,0,0,0,0,0,0,0,0,0,0,0,0,0,1,0,0,0,1,0,0,0,0,0,0,0,0,0,0,0,0,0,0,0,0,0,0,0,0,1,False,1.2308654502595986,Норма
uukuguy/speechless-tora-code-7b-v1.0,2,1018,0.4266211604095563,0.4204187726821591,0.0090978013646702,0.6515634335789683,0.3856177054776588,0.4205675471010907,3383,0.6290449881610103,1.0,,,,,1696933304,0,0,1,0,0,0,0,0,0,1,0,0,0,0,0,0,0,0,0,0,1,0,0,0,0,0,0,0,0,0,0,0,0,0,0,0,0,0,0,0,0,0,0,0,0,0,0,0,0,0,1,0,0,0,1,0,0,0,0,1,0,0,0,0,0,0,0,0,0,0,0,0,0,0,0,0,False,1.2268165009444012,Норма
invalid-coder/Starling-LM-7B-beta-laser-dpo,3,68,0.674061433447099,0.7014054389182652,0.6793025018953753,0.8337980481975702,0.6528595854636962,0.5546778364079819,2146,0.813733228097869,,,,,,1711701122,0,0,1,0,0,0,0,0,0,0,1,0,0,0,0,0,0,0,0,0,0,0,1,0,0,0,0,0,0,0,0,0,0,0,0,0,0,0,0,0,0,0,0,0,0,0,0,0,0,0,1,0,0,0,1,0,0,0,0,0,0,0,0,0,0,0,0,0,0,0,0,0,0,0,0,1,False,1.205733647611163,Норма
beowolx/CodeNinja-1.0-OpenChat-7B,104,8859,0.6348122866894198,0.6740397828804627,0.66565579984837,0.8364867556263692,0.6377257059005234,0.4716102407729485,4697,0.797947908445146,,,,,,1703104081,0,0,1,0,0,0,0,0,0,0,1,0,0,0,0,0,0,0,0,0,0,0,1,0,0,0,0,0,0,0,0,0,0,0,0,0,0,0,0,0,0,0,0,0,0,0,0,0,0,0,1,0,0,0,0,1,0,0,0,0,0,0,0,0,0,0,0,0,0,0,0,0,0,0,0,1,False,1.2037416481569292,Норма
ajibawa-2023/Code-Mistral-7B,15,92,0.6459044368600683,0.6997382222231284,0.6808188021228203,0.8529177454690301,0.6500010912052616,0.5463721037747236,3183,0.8224151539068666,,,,,,1711339347,0,0,1,0,0,0,0,0,0,0,1,0,0,0,0,0,0,0,0,0,0,0,1,0,0,0,0,0,0,0,0,0,0,0,0,0,0,0,0,0,0,0,0,0,0,0,0,0,0,0,1,0,0,0,1,0,0,0,0,0,0,0,0,0,0,0,0,0,0,0,0,0,0,0,0,1,False,1.2024135548304538,Норма
fhai50032/RP-Coder-SM3,0,62,0.6561433447098977,0.6827595348256322,0.5981804397270659,0.842162915753834,0.6334255272200019,0.5410727637055827,6738,0.8255722178374112,,,,,,1710014390,0,0,1,0,0,0,0,0,0,0,1,0,0,0,0,0,0,0,0,0,0,0,1,0,0,0,0,0,0,0,0,0,0,0,0,0,0,0,0,0,0,0,0,0,0,0,0,0,0,0,0,0,0,1,1,0,0,0,0,0,0,0,0,0,0,0,0,0,0,0,0,0,0,0,0,1,False,1.1977435189718895,Норма
Badgids/Gonzo-Code-7B,0,70,0.6126279863481229,0.6551221253945118,0.5140257771038665,0.8366859191396137,0.6276833367526471,0.5670183360220316,3290,0.7726913970007893,,,,,,1709399322,0,0,1,0,0,0,0,0,0,0,1,0,0,0,0,0,0,0,0,0,0,0,1,0,0,0,0,0,0,0,0,0,0,0,0,0,0,0,0,0,0,0,0,0,0,0,0,0,0,0,1,0,0,0,1,0,0,0,0,0,0,0,0,0,0,0,0,0,0,0,0,0,0,0,0,1,False,1.1869357510359082,Норма
codellama/CodeLlama-34b-Instruct-hf,299,42646,0.5426621160409556,0.5728884716001909,0.379833206974981,0.7691694881497709,0.555434278513721,0.4443753863305565,5335,0.7458563535911602,,,,,,1692896302,0,0,1,0,0,0,0,0,0,1,0,0,0,0,0,0,0,0,0,0,1,0,0,0,0,0,0,0,0,0,0,0,0,0,0,0,0,0,0,0,0,1,0,0,0,0,0,0,0,0,0,0,0,0,0,1,0,0,0,0,0,0,0,0,0,0,0,0,0,0,0,0,0,0,0,1,False,1.185535580527525,Норма
invalid-coder/dolphin-2.1-mistral-7b-snr-laser,0,63,0.6382252559726962,0.6550152599463142,0.4723275208491281,0.8478390758812986,0.6363310543129166,0.5524167978867858,2145,0.7829518547750592,,,,,,1710790903,0,0,1,0,0,0,0,0,0,0,1,0,0,0,0,0,0,0,0,0,0,0,1,0,0,0,0,0,0,0,0,0,0,0,0,0,0,0,0,0,0,0,0,0,0,0,0,0,0,0,1,0,0,0,1,0,0,0,0,0,0,0,0,0,0,0,0,0,0,0,0,0,0,0,0,1,False,1.1837801698019272,Норма
invalid-coder/dolphin-2.1-mistral-7b-snr-math-laser,1,60,0.6331058020477816,0.6503065164059901,0.4723275208491281,0.8428599880501892,0.6302177724205961,0.5474795541369116,2148,0.7758484609313339,,,,,,1710794164,0,0,1,0,0,0,0,0,0,0,1,0,0,0,0,0,0,0,0,0,0,0,1,0,0,0,0,0,0,0,0,0,0,0,0,0,0,0,0,0,0,0,0,0,0,0,0,0,0,0,1,0,0,0,1,0,0,0,0,0,0,0,0,0,0,0,0,0,0,0,0,0,0,0,0,1,False,1.1811750654857827,Норма
sethuiyer/CodeCalc-Mistral-7B,1,66,0.6194539249146758,0.6632979273362297,0.6353297952994693,0.836387173869747,0.6278135734516225,0.4778512417068049,2747,0.7829518547750592,,,,,,1708332659,0,0,1,0,0,0,0,0,0,0,1,0,0,0,0,0,0,0,0,0,0,0,1,0,0,0,0,0,0,0,0,0,0,0,0,0,0,0,0,0,0,0,0,0,0,0,0,0,0,0,1,0,0,0,1,0,0,0,0,0,0,0,0,0,0,0,0,0,0,0,0,0,0,0,0,1,False,1.179636627280627,Норма
uukuguy/speechless-zephyr-code-functionary-7b,2,8989,0.6151877133105802,0.6293497812697286,0.4382107657316149,0.8387771360286795,0.6470824931414999,0.4499423947177576,3379,0.7868981846882399,,,,,,1705997966,0,0,1,0,0,0,0,0,0,0,1,0,0,0,0,0,0,0,0,0,0,0,1,0,0,0,0,0,0,0,0,0,0,0,0,0,0,0,0,0,0,0,0,0,0,0,0,0,0,0,1,0,0,0,1,0,0,0,0,0,0,0,0,0,0,0,0,0,0,0,0,0,0,0,0,1,False,1.171130348659227,Норма
uukuguy/speechless-mistral-hermes-code-7b,2,68,0.5938566552901023,0.6100604817967045,0.3927217589082638,0.7858992232622983,0.599539970258993,0.5132860881118712,3363,0.7750591949486977,,,,,,1707221724,0,0,1,0,0,0,0,0,0,0,1,0,0,0,0,0,0,0,0,0,0,0,1,0,0,0,0,0,0,0,0,0,0,0,0,0,0,0,0,0,0,0,0,0,0,0,0,0,0,0,1,0,0,0,1,0,0,0,0,0,0,0,0,0,0,0,0,0,0,0,0,0,0,0,0,1,False,1.1680045931673775,Норма
TheBloke/CodeLlama-34B-Instruct-fp16,6,2285,0.4078498293515358,0.4300229156036352,0.2304776345716452,0.3566022704640509,0.3972483571729544,0.4428923144531004,4876,0.745067087608524,,,,,,1692909386,0,0,1,0,0,0,0,0,0,1,0,0,0,0,0,0,0,0,0,0,1,0,0,0,0,0,0,0,0,0,0,0,0,0,0,0,0,0,0,0,0,1,0,0,0,0,0,0,0,0,0,0,0,0,0,1,0,0,0,0,0,0,0,0,0,0,0,0,0,0,0,0,0,0,0,1,False,1.1644183381828488,Норма
uukuguy/speechless-code-mistral-orca-7b-v1.0,5,974,0.5964163822525598,0.5624069485125394,0.0826383623957543,0.8225453096992631,0.613277402017999,0.4845050397609622,3369,0.7750591949486977,1.0,,,,,1696806684,0,0,1,0,0,0,0,0,0,0,1,0,0,0,0,0,0,0,0,0,0,0,1,0,0,0,0,0,0,0,0,0,0,0,0,0,0,0,0,0,0,0,0,0,0,0,0,0,0,0,1,0,0,0,1,0,0,0,0,1,0,0,0,0,0,0,0,0,0,0,0,0,0,0,0,0,False,1.1242829829162562,Норма
uukuguy/speechless-code-mistral-7b-v1.0,18,8976,0.6117747440273038,0.6360307582184143,0.4700530705079606,0.8376817367058355,0.6339686078835957,0.4789652694280945,3346,0.7837411207576953,1.0,,,,,1696918440,0,0,1,0,0,0,0,0,0,0,1,0,0,0,0,0,0,0,0,0,0,0,1,0,0,0,0,0,0,0,0,0,0,0,0,0,0,0,0,0,0,0,0,0,0,0,0,0,0,0,1,0,0,0,1,0,0,0,0,1,0,0,0,0,0,0,0,0,0,0,0,0,0,0,0,0,False,1.1156335470441063,Норма
Undi95/CodeEngine,0,1152,0.5836177474402731,0.5268321094781385,0.0151630022744503,0.8227444732125074,0.5417882808567511,0.4518227994936888,6674,0.7458563535911602,,,,,,1693927586,0,0,1,0,0,0,0,0,0,1,0,0,0,0,0,0,0,0,0,0,1,0,0,0,0,0,0,0,0,0,0,0,0,0,0,0,0,0,0,0,0,0,0,0,0,0,0,0,0,0,0,0,0,1,1,0,0,0,0,0,0,0,0,0,0,0,0,0,0,0,0,0,0,0,0,1,False,1.0932448252037743,Норма
codellama/CodeLlama-7b-Instruct-hf,251,50753,0.3831058020477815,0.4134792633153837,0.0796057619408642,0.5932085241983669,0.3648418531305971,0.4144940647783233,5336,0.6456195737963694,,,,,,1692894817,0,0,1,0,0,0,0,0,0,1,0,0,0,0,0,0,0,0,0,0,1,0,0,0,0,0,0,0,0,0,0,0,0,0,0,0,0,0,0,0,0,0,0,0,0,0,0,0,0,0,1,0,0,0,0,1,0,0,0,0,0,0,0,0,0,0,0,0,0,0,0,0,0,0,0,1,False,1.0770989877921278,Норма
uukuguy/speechless-codellama-orca-platypus-13b-0.10e,0,1028,0.2875426621160409,0.298313725944179,0.0,0.2588129854610635,0.2535614661346259,0.4927276728925703,3367,0.4972375690607735,,,,,,1693803997,0,0,1,0,0,0,0,0,0,1,0,0,0,0,0,0,0,0,0,0,1,0,0,0,0,0,0,0,0,0,0,0,1,0,0,0,0,0,0,0,0,0,0,0,0,0,0,0,0,0,0,0,0,0,1,0,0,0,0,0,0,0,0,0,0,0,0,0,0,0,0,0,0,0,0,1,False,1.070989116834603,Норма
uukuguy/speechless-codellama-orca-airoboros-13b-0.10e,0,1024,0.2943686006825938,0.3035768140694508,0.0,0.2571200955984863,0.2542667075865983,0.4963684639744407,3349,0.5193370165745856,,,,,,1693820945,0,0,1,0,0,0,0,0,0,1,0,0,0,0,0,0,0,0,0,0,1,0,0,0,0,0,0,0,0,0,0,0,1,0,0,0,0,0,0,0,0,0,0,0,0,0,0,0,0,0,0,0,0,0,1,0,0,0,0,0,0,0,0,0,0,0,0,0,0,0,0,0,0,0,0,1,False,1.0577262679999757,Норма
CodeLlama-34b-hf,2,2116,0.3754266211604095,0.4007966301698814,0.2160727824109173,0.3183628759211312,0.3719944390850783,0.3889056985901338,6136,0.734017363851618,,,,,,1692899465,0,0,1,0,0,0,0,0,0,1,0,0,0,0,0,0,0,0,0,0,1,0,0,0,0,0,0,0,0,0,0,0,0,0,0,0,0,0,0,0,0,1,0,0,0,0,0,0,0,0,0,0,0,0,1,0,0,0,0,0,0,0,0,0,0,0,0,0,0,0,0,0,0,0,0,1,False,1.0507423235157667,Норма
senseable/33x-coder,2,1186,0.4590443686006826,0.4966450820639987,0.3836239575435936,0.6263692491535551,0.42022025814336,0.4560428089033374,3335,0.6345698500394633,,,,,,1704408805,0,0,1,0,0,0,0,0,0,1,0,0,0,0,0,0,0,0,0,0,1,0,0,0,0,0,0,0,0,0,0,0,0,0,0,0,0,0,0,0,0,0,0,0,0,0,0,0,0,0,0,0,0,1,1,0,0,0,0,0,0,0,0,0,0,0,0,0,0,0,0,0,0,0,0,1,False,1.0452188205268726,Норма
ajibawa-2023/OpenHermes-2.5-Code-290k-13B,11,78,0.5733788395904437,0.6332883988204822,0.5830174374526156,0.8048197570205139,0.5652733958672604,0.5250168114529904,3180,0.7482241515390686,,,,,,1709284513,0,0,1,0,0,0,0,0,0,1,0,0,0,0,0,0,0,0,0,0,1,0,0,0,0,0,0,0,0,0,0,0,1,0,0,0,0,0,0,0,0,0,0,0,0,0,0,0,0,0,0,0,0,0,1,0,0,0,0,0,0,0,0,0,0,0,0,0,0,0,0,0,0,0,0,1,False,1.0307605686482357,Норма
TheBloke/CodeLlama-34B-Python-fp16,13,2270,0.3813993174061433,0.4026889516170392,0.2001516300227445,0.3480382393945429,0.3294843620719598,0.4356710526774051,4868,0.7213891081294396,,,,,,1692909371,0,0,1,0,0,0,0,0,0,1,0,0,0,0,0,0,0,0,0,0,1,0,0,0,0,0,0,0,0,0,0,0,0,0,0,0,0,0,0,0,0,1,0,0,0,0,0,0,0,0,0,0,0,0,1,0,0,0,0,0,0,0,0,0,0,0,0,0,0,0,0,0,0,0,0,1,False,1.0300098952415504,Норма
codellama/CodeLlama-13b-Instruct-hf,157,13050,0.4453924914675768,0.4582135103285878,0.1266110689916603,0.6492730531766581,0.3888705360076341,0.4587866352956375,5339,0.6803472770323599,,,,,,1692894834,0,0,1,0,0,0,0,0,0,1,0,0,0,0,0,0,0,0,0,0,1,0,0,0,0,0,0,0,0,0,0,0,1,0,0,0,0,0,0,0,0,0,0,0,0,0,0,0,0,0,0,0,0,0,0,1,0,0,0,0,0,0,0,0,0,0,0,0,0,0,0,0,0,0,0,1,False,1.0289385219659732,Норма
codellama/CodeLlama-34b-Python-hf,99,1441,0.5042662116040956,0.53577708271858,0.3229719484457922,0.7635929097789285,0.4910751448190302,0.4137349714821021,5329,0.7190213101815311,,,,,,1692896243,0,0,1,0,0,0,0,0,0,1,0,0,0,0,0,0,0,0,0,0,1,0,0,0,0,0,0,0,0,0,0,0,0,0,0,0,0,0,0,0,0,1,0,0,0,0,0,0,0,0,0,0,0,0,1,0,0,0,0,0,0,0,0,0,0,0,0,0,0,0,0,0,0,0,0,1,False,1.0268689643541191,Норма
TheBloke/CodeLlama-13B-Instruct-fp16,28,2295,0.4462457337883959,0.4581761775819279,0.1266110689916603,0.6493726349332802,0.3876937154502335,0.4587866352956375,4849,0.6803472770323599,,,,,,1692894049,0,0,1,0,0,0,0,0,0,1,0,0,0,0,0,0,0,0,0,0,1,0,0,0,0,0,0,0,0,0,0,0,1,0,0,0,0,0,0,0,0,0,0,0,0,0,0,0,0,0,0,0,0,0,0,1,0,0,0,0,0,0,0,0,0,0,0,0,0,0,0,0,0,0,0,1,False,1.0260160834390804,Норма
uukuguy/speechless-codellama-dolphin-orca-platypus-34b,6,1033,0.5247440273037542,0.5252633303329945,0.1470811220621683,0.7412865962955587,0.5346703246942103,0.4713590797559301,3370,0.7324388318863457,,,,,,1694088455,0,0,1,0,0,0,0,0,0,1,0,0,0,0,0,0,0,0,0,0,1,0,0,0,0,0,0,0,0,0,0,0,0,0,0,0,0,0,0,0,0,1,0,0,0,0,0,0,0,0,0,0,0,0,1,0,0,0,0,0,0,0,0,0,0,0,0,0,0,0,0,0,0,0,0,1,False,1.0160401998526218,Норма
budecosystem/code-millenials-34b,8,1103,0.4982935153583617,0.5351426922792593,0.3244882486732373,0.7509460266879108,0.4928489341413776,0.4536716940080383,3327,0.6906077348066298,,,,,,1704216100,0,0,1,0,0,0,0,0,0,1,0,0,0,0,0,0,0,0,0,0,1,0,0,0,0,0,0,0,0,0,0,0,0,0,0,0,0,0,0,0,0,1,0,0,0,0,0,0,0,0,0,0,0,0,1,0,0,0,0,0,0,0,0,0,0,0,0,0,0,0,0,0,0,0,0,1,False,1.014760018894998,Норма
allenai/codetulu-2-34b,2,67,,,,,,,,,,,,,,1699837880,0,0,1,0,0,0,0,0,0,1,0,0,0,0,0,0,0,0,0,0,1,0,0,0,0,0,0,0,0,0,0,0,0,0,0,0,0,0,0,0,0,1,0,0,0,0,0,0,0,0,0,0,0,0,1,0,0,0,0,0,0,0,0,0,0,0,0,0,0,0,0,0,0,0,0,1,False,1.0091272920399152,Норма
uukuguy/speechless-codellama-orca-13b,2,1034,0.4436860068259385,0.4482654107120367,0.0598938589840788,0.6519617606054571,0.4345599763852714,0.4593961495535578,3372,0.6400947119179163,,,,,,1693796846,0,0,1,0,0,0,0,0,0,1,0,0,0,0,0,0,0,0,0,0,1,0,0,0,0,0,0,0,0,0,0,0,1,0,0,0,0,0,0,0,0,0,0,0,0,0,0,0,0,0,0,0,0,0,1,0,0,0,0,0,0,0,0,0,0,0,0,0,0,0,0,0,0,0,0,1,False,1.0069842538918934,Норма
CodeLlama-13b-hf,0,2127,0.4087030716723549,0.4335404387858199,0.1213040181956027,0.6335391356303525,0.3280883582272197,0.4379426977660279,6138,0.6716653512233622,,,,,,1692898324,0,0,1,0,0,0,0,0,0,1,0,0,0,0,0,0,0,0,0,0,1,0,0,0,0,0,0,0,0,0,0,0,1,0,0,0,0,0,0,0,0,0,0,0,0,0,0,0,0,0,0,0,0,0,1,0,0,0,0,0,0,0,0,0,0,0,0,0,0,0,0,0,0,0,0,1,False,1.0032568384379421,Норма
Undi95/Nous-Hermes-13B-Code,7,1163,0.6117747440273038,0.5593324982107956,0.1038665655799848,0.832105158334993,0.5513166758898136,0.505550629963065,6684,0.7513812154696132,,,,,,1693689879,0,0,1,0,0,0,0,0,0,1,0,0,0,0,0,0,0,0,0,0,1,0,0,0,0,0,0,0,0,0,0,0,1,0,0,0,0,0,0,0,0,0,0,0,0,0,0,0,0,0,0,0,0,0,1,0,0,0,0,0,0,0,0,0,0,0,0,0,0,0,0,0,0,0,0,1,False,1.0026115954753099,Норма
lqtrung1998/Codellama-7b-hf-ReFT-GSM8k,1,107,0.4351535836177474,0.4569360456152496,0.2373009855951478,0.6452897829117705,0.4085765765514828,0.3728328351495246,209,0.6424625098658248,,,,,,1706511619,0,0,1,0,0,0,0,0,0,1,0,0,0,0,0,0,0,0,0,0,1,0,0,0,0,0,0,0,0,0,0,0,0,0,0,0,0,0,0,0,0,0,0,0,0,0,0,0,0,0,1,0,0,0,1,0,0,0,0,0,0,0,0,0,0,0,0,0,0,0,0,0,0,0,0,1,False,1.0016713880305814,Норма
TheBloke/CodeLlama-13B-Python-fp16,25,2297,0.3319112627986348,0.3751889305154564,0.1008339651250947,0.4450308703445528,0.259432144203747,0.4398921914494383,4841,0.6740331491712708,,,,,,1692894419,0,0,1,0,0,0,0,0,0,1,0,0,0,0,0,0,0,0,0,0,1,0,0,0,0,0,0,0,0,0,0,0,1,0,0,0,0,0,0,0,0,0,0,0,0,0,0,0,0,0,0,0,0,0,1,0,0,0,0,0,0,0,0,0,0,0,0,0,0,0,0,0,0,0,0,1,False,0.999678206318437,Норма
codellama/CodeLlama-13b-Python-hf,51,1777,0.325938566552901,0.3700388123014149,0.0864291129643669,0.4393547102170882,0.2722731570692078,0.4458821573127394,5337,0.6503551696921863,,,,,,1692894721,0,0,1,0,0,0,0,0,0,1,0,0,0,0,0,0,0,0,0,0,1,0,0,0,0,0,0,0,0,0,0,0,1,0,0,0,0,0,0,0,0,0,0,0,0,0,0,0,0,0,0,0,0,0,1,0,0,0,0,0,0,0,0,0,0,0,0,0,0,0,0,0,0,0,0,1,False,0.9996089106900676,Норма
glaiveai/glaive-coder-7b,55,1194,0.4266211604095563,0.4156047613011604,0.0523123578468536,0.6468830910177256,0.3715275101062721,0.3988100995709905,992,0.5974743488555643,,,,,,1694962184,0,0,1,0,0,0,0,0,0,1,0,0,0,0,0,0,0,0,0,0,1,0,0,0,0,0,0,0,0,0,0,0,0,0,0,0,0,0,0,0,0,0,0,0,0,0,0,0,0,0,1,0,0,0,1,0,0,0,0,0,0,0,0,0,0,0,0,0,0,0,0,0,0,0,0,1,False,0.9991138905976096,Норма
InnerI/I-Code-NousLlama7B-slerp,0,58,0.4035836177474403,0.3855972892696928,0.0075815011372251,0.6105357498506274,0.2837327441751605,0.3617412829286974,6745,0.6464088397790055,,,,,,1707875375,0,0,1,0,0,0,0,0,0,1,0,0,0,0,0,0,0,0,0,0,1,0,0,0,0,0,0,0,0,0,0,0,0,0,0,0,0,0,0,0,0,0,0,0,0,0,0,0,0,0,1,0,0,0,1,0,0,0,0,0,0,0,0,0,0,0,0,0,0,0,0,0,0,0,0,1,False,0.9968923430366438,Норма
uukuguy/speechless-codellama-platypus-13b,2,1025,0.4530716723549488,0.4563685306737572,0.090978013646702,0.6863174666401115,0.4281676597731087,0.4237963400570328,3340,0.6558800315706393,,,,,,1693485155,0,0,1,0,0,0,0,0,0,1,0,0,0,0,0,0,0,0,0,0,1,0,0,0,0,0,0,0,0,0,0,0,1,0,0,0,0,0,0,0,0,0,0,0,0,0,0,0,0,0,0,0,0,0,1,0,0,0,0,0,0,0,0,0,0,0,0,0,0,0,0,0,0,0,0,1,False,0.9964019338861752,Норма
codellama/CodeLlama-7b-Python-hf,142,6699,0.3131399317406143,0.3714489329710134,0.0515542077331311,0.5285799641505676,0.2731842483746328,0.4221405339092182,5340,0.6400947119179163,,,,,,1692894688,0,0,1,0,0,0,0,0,0,1,0,0,0,0,0,0,0,0,0,0,1,0,0,0,0,0,0,0,0,0,0,0,0,0,0,0,0,0,0,0,0,0,0,0,0,0,0,0,0,0,1,0,0,0,1,0,0,0,0,0,0,0,0,0,0,0,0,0,0,0,0,0,0,0,0,1,False,0.992977735840251,Норма
CodeLlama-7b-hf,3,2136,0.3984641638225256,0.3980913330099456,0.0545868081880212,0.5957976498705437,0.3047339750498113,0.386188763401858,6137,0.648776637726914,,,,,,1692897226,0,0,1,0,0,0,0,0,0,1,0,0,0,0,0,0,0,0,0,0,1,0,0,0,0,0,0,0,0,0,0,0,0,0,0,0,0,0,0,0,0,0,0,0,0,0,0,0,0,0,1,0,0,0,1,0,0,0,0,0,0,0,0,0,0,0,0,0,0,0,0,0,0,0,0,1,False,0.991967763970133,Норма
speechlessai/speechless-codellama-airoboros-orca-platypus-13b,0,1042,0.4488054607508532,0.4409532022972178,0.0181956027293404,0.676956781517626,0.4316034424184078,0.4087530329179874,6356,0.6614048934490924,,,,,,1695115793,0,0,1,0,0,0,0,0,0,1,0,0,0,0,0,0,0,0,0,0,1,0,0,0,0,0,0,0,0,0,0,0,1,0,0,0,0,0,0,0,0,0,0,0,0,0,0,0,0,0,0,0,0,0,1,0,0,0,0,0,0,0,0,0,0,0,0,0,0,0,0,0,0,0,0,1,False,0.9864652614791304,Норма
allenai/codetulu-2-7b,1,69,,,,,,,,,,,,,,1699839844,0,0,1,0,0,0,0,0,0,1,0,0,0,0,0,0,0,0,0,0,1,0,0,0,0,0,0,0,0,0,0,0,0,0,0,0,0,0,0,0,0,0,0,0,0,0,0,0,0,0,1,0,0,0,1,0,0,0,0,0,0,0,0,0,0,0,0,0,0,0,0,0,0,0,0,1,False,0.9846933989202545,Норма
qualis2006/llama-2-7b-int4-python-code-18k,0,1018,0.5213310580204779,0.4930355887291726,0.0621683093252464,0.7855008962358097,0.4625343255469803,0.3768762597421805,2925,0.749802683504341,,,,,,1694349252,0,0,1,0,0,0,0,0,0,1,0,0,0,0,0,0,0,0,0,0,1,0,0,0,0,0,0,0,0,0,0,0,0,0,0,0,0,0,0,0,0,0,0,0,0,0,0,0,0,0,1,0,0,0,1,0,0,0,0,0,0,0,0,0,0,0,0,0,0,0,0,0,0,0,0,1,False,0.9844704695663363,Норма
ajibawa-2023/Python-Code-13B,7,1153,0.5878839590443686,0.5360596672441409,0.0955269143290371,0.8165704043019318,0.5477825515474928,0.4282626825293076,3169,0.7403314917127072,,,,,,1699699702,0,0,1,0,0,0,0,0,0,1,0,0,0,0,0,0,0,0,0,0,1,0,0,0,0,0,0,0,0,0,0,0,1,0,0,0,0,0,0,0,0,0,0,0,0,0,0,0,0,0,0,0,0,0,1,0,0,0,0,0,0,0,0,0,0,0,0,0,0,0,0,0,0,0,0,1,False,0.984153376410149,Норма
itsliupeng/llama2_7b_code,2,1144,0.5213310580204779,0.4904591487284264,0.0811220621683093,0.7571200955984864,0.4805078852551697,0.3875988110597644,2896,0.7150749802683505,,,,,,1695893294,0,0,1,0,0,0,0,0,0,1,0,0,0,0,0,0,0,0,0,0,1,0,0,0,0,0,0,0,0,0,0,0,0,0,0,0,0,0,0,0,0,0,0,0,0,0,0,0,0,0,1,0,0,0,1,0,0,0,0,0,0,0,0,0,0,0,0,0,0,0,0,0,0,0,0,1,False,0.984043396249094,Норма
mrm8488/llama-2-coder-7b,53,1160,0.5401023890784983,0.4994644245437887,0.0712661106899166,0.7835092611033658,0.4625147761301111,0.3848557308606823,1555,0.7545382794001578,,,,,,1690394359,0,0,1,0,0,0,0,0,0,1,0,0,0,0,0,0,0,0,0,0,1,0,0,0,0,0,0,0,0,0,0,0,0,0,0,0,0,0,0,0,0,0,0,0,0,0,0,0,0,0,1,0,0,0,1,0,0,0,0,0,0,0,0,0,0,0,0,0,0,0,0,0,0,0,0,1,False,0.9836043263284493,Норма
allenai/codetulu-2-13b,3,57,,,,,,,,,,,,,,1699841771,0,0,1,0,0,0,0,0,0,1,0,0,0,0,0,0,0,0,0,0,1,0,0,0,0,0,0,0,0,0,0,0,1,0,0,0,0,0,0,0,0,0,0,0,0,0,0,0,0,0,0,0,0,0,1,0,0,0,0,0,0,0,0,0,0,0,0,0,0,0,0,0,0,0,0,1,False,0.98313152709143,Норма
speechless-codellama-dolphin-orca-platypus-13b,2,1082,0.4581911262798634,0.4632041451778697,0.0849128127369219,0.6770563632742481,0.4588335531456649,0.4467187820077896,6357,0.6535122336227308,,,,,,1694495329,0,0,1,0,0,0,0,0,0,1,0,0,0,0,0,0,0,0,0,0,1,0,0,0,0,0,0,0,0,0,0,0,1,0,0,0,0,0,0,0,0,0,0,0,0,0,0,0,0,0,0,0,0,0,1,0,0,0,0,0,0,0,0,0,0,0,0,0,0,0,0,0,0,0,0,1,False,0.9826974218895822,Норма
tyson0420/stack_codellama-7b-inst,0,56,0.4351535836177474,0.4497004605706986,0.158453373768006,0.6617207727544314,0.3959383914590673,0.3902673442716639,4498,0.6566692975532754,,,,,,1707909470,0,0,1,0,0,0,0,0,0,1,0,0,0,0,0,0,0,0,0,0,1,0,0,0,0,0,0,0,0,0,0,0,0,0,0,0,0,0,0,0,0,0,0,0,0,0,0,0,0,0,1,0,0,0,1,0,0,0,0,0,0,0,0,0,0,0,0,0,0,0,0,0,0,0,0,1,False,0.9800449502189845,Норма
ajibawa-2023/Code-13B,13,1158,0.5733788395904437,0.5480569788152018,0.1902956785443517,0.8328022306313483,0.531653602922189,0.4246156253859874,3182,0.7355958958168903,,,,,,1702060867,0,0,1,0,0,0,0,0,0,1,0,0,0,0,0,0,0,0,0,0,1,0,0,0,0,0,0,0,0,0,0,0,1,0,0,0,0,0,0,0,0,0,0,0,0,0,0,0,0,0,0,0,0,0,1,0,0,0,0,0,0,0,0,0,0,0,0,0,0,0,0,0,0,0,0,1,False,0.9779839296673936,Норма
ajibawa-2023/Code-290k-13B,8,1023,0.560580204778157,0.5295866090493973,0.1781652767247915,0.8154750049790879,0.5198765749362458,0.3765086228702086,3176,0.7269139700078927,,,,,,1705426523,0,0,1,0,0,0,0,0,0,1,0,0,0,0,0,0,0,0,0,0,1,0,0,0,0,0,0,0,0,0,0,0,1,0,0,0,0,0,0,0,0,0,0,0,0,0,0,0,0,0,0,0,0,0,1,0,0,0,0,0,0,0,0,0,0,0,0,0,0,0,0,0,0,0,0,1,False,0.9758913540351285,Норма
Danielbrdz/CodeBarcenas-7b,0,1113,0.4232081911262799,0.4008842817903096,0.025018953752843,0.63433578968333,0.3338975584470319,0.3850567210157192,5510,0.6037884767166535,,,,,,1693779059,0,0,1,0,0,0,0,0,0,1,0,0,0,0,0,0,0,0,0,0,1,0,0,0,0,0,0,0,0,0,0,0,0,0,0,0,0,0,0,0,0,0,0,0,0,0,0,0,0,0,1,0,0,0,1,0,0,0,0,0,0,0,0,0,0,0,0,0,0,0,0,0,0,0,0,1,False,0.974524936031586,Норма
